"filename", "language", "JSON", "Properties", "YAML", "PHP", "JavaScript", "XML", "CSS", "SCSS", "Markdown", "HTML", "comment", "blank", "total"
"c:\xampp\htdocs\sportify\.editorconfig", "Properties", 0, 12, 0, 0, 0, 0, 0, 0, 0, 0, 0, 4, 16
"c:\xampp\htdocs\sportify\.gitattributes", "Properties", 0, 5, 0, 0, 0, 0, 0, 0, 0, 0, 0, 1, 6
"c:\xampp\htdocs\sportify\.styleci.yml", "YAML", 0, 0, 13, 0, 0, 0, 0, 0, 0, 0, 0, 1, 14
"c:\xampp\htdocs\sportify\README.md", "Markdown", 0, 0, 0, 0, 0, 0, 0, 0, 60, 0, 0, 20, 80
"c:\xampp\htdocs\sportify\app\Admin.php", "PHP", 0, 0, 0, 16, 0, 0, 0, 0, 0, 0, 10, 6, 32
"c:\xampp\htdocs\sportify\app\Console\Kernel.php", "PHP", 0, 0, 0, 17, 0, 0, 0, 0, 0, 0, 18, 7, 42
"c:\xampp\htdocs\sportify\app\Entidad.php", "PHP", 0, 0, 0, 21, 0, 0, 0, 0, 0, 0, 10, 9, 40
"c:\xampp\htdocs\sportify\app\Equipamiento.php", "PHP", 0, 0, 0, 11, 0, 0, 0, 0, 0, 0, 6, 7, 24
"c:\xampp\htdocs\sportify\app\Exceptions\Handler.php", "PHP", 0, 0, 0, 21, 0, 0, 0, 0, 0, 0, 28, 7, 56
"c:\xampp\htdocs\sportify\app\Http\Controllers\Admin\AdminController.php", "PHP", 0, 0, 0, 38, 0, 0, 0, 0, 0, 0, 1, 19, 58
"c:\xampp\htdocs\sportify\app\Http\Controllers\Admin\Auth\ForgotPasswordController.php", "PHP", 0, 0, 0, 7, 0, 0, 0, 0, 0, 0, 1, 4, 12
"c:\xampp\htdocs\sportify\app\Http\Controllers\Admin\Auth\LoginController.php", "PHP", 0, 0, 0, 56, 0, 0, 0, 0, 0, 0, 37, 18, 111
"c:\xampp\htdocs\sportify\app\Http\Controllers\Admin\Auth\RegisterController.php", "PHP", 0, 0, 0, 44, 0, 0, 0, 0, 0, 0, 1, 22, 67
"c:\xampp\htdocs\sportify\app\Http\Controllers\Admin\Auth\ResetPasswordController.php", "PHP", 0, 0, 0, 7, 0, 0, 0, 0, 0, 0, 1, 4, 12
"c:\xampp\htdocs\sportify\app\Http\Controllers\Admin\EquipoController.php", "PHP", 0, 0, 0, 37, 0, 0, 0, 0, 0, 0, 1, 17, 55
"c:\xampp\htdocs\sportify\app\Http\Controllers\Admin\EventsController.php", "PHP", 0, 0, 0, 38, 0, 0, 0, 0, 0, 0, 1, 18, 57
"c:\xampp\htdocs\sportify\app\Http\Controllers\Admin\HomeController.php", "PHP", 0, 0, 0, 94, 0, 0, 0, 0, 0, 0, 7, 30, 131
"c:\xampp\htdocs\sportify\app\Http\Controllers\Admin\TematicaController.php", "PHP", 0, 0, 0, 62, 0, 0, 0, 0, 0, 0, 1, 34, 97
"c:\xampp\htdocs\sportify\app\Http\Controllers\Admin\UsuarioController.php", "PHP", 0, 0, 0, 62, 0, 0, 0, 0, 0, 0, 1, 23, 86
"c:\xampp\htdocs\sportify\app\Http\Controllers\Api\Auth\LoginController.php", "PHP", 0, 0, 0, 59, 0, 0, 0, 0, 0, 0, 1, 28, 88
"c:\xampp\htdocs\sportify\app\Http\Controllers\Api\ChatController.php", "PHP", 0, 0, 0, 68, 0, 0, 0, 0, 0, 0, 8, 29, 105
"c:\xampp\htdocs\sportify\app\Http\Controllers\Api\EquiposController.php", "PHP", 0, 0, 0, 21, 0, 0, 0, 0, 0, 0, 2, 9, 32
"c:\xampp\htdocs\sportify\app\Http\Controllers\Api\EventsController.php", "PHP", 0, 0, 0, 293, 0, 0, 0, 0, 0, 0, 30, 102, 425
"c:\xampp\htdocs\sportify\app\Http\Controllers\Auth\ConfirmPasswordController.php", "PHP", 0, 0, 0, 14, 0, 0, 0, 0, 0, 0, 20, 7, 41
"c:\xampp\htdocs\sportify\app\Http\Controllers\Auth\ForgotPasswordController.php", "PHP", 0, 0, 0, 14, 0, 0, 0, 0, 0, 0, 15, 7, 36
"c:\xampp\htdocs\sportify\app\Http\Controllers\Auth\LoginController.php", "PHP", 0, 0, 0, 22, 0, 0, 0, 0, 0, 0, 20, 8, 50
"c:\xampp\htdocs\sportify\app\Http\Controllers\Auth\RegisterController.php", "PHP", 0, 0, 0, 33, 0, 0, 0, 0, 0, 0, 32, 9, 74
"c:\xampp\htdocs\sportify\app\Http\Controllers\Auth\ResetPasswordController.php", "PHP", 0, 0, 0, 17, 0, 0, 0, 0, 0, 0, 22, 9, 48
"c:\xampp\htdocs\sportify\app\Http\Controllers\Auth\VerificationController.php", "PHP", 0, 0, 0, 16, 0, 0, 0, 0, 0, 0, 20, 7, 43
"c:\xampp\htdocs\sportify\app\Http\Controllers\Controller.php", "PHP", 0, 0, 0, 10, 0, 0, 0, 0, 0, 0, 0, 4, 14
"c:\xampp\htdocs\sportify\app\Http\Controllers\Entidad\Auth\ForgotPasswordController.php", "PHP", 0, 0, 0, 7, 0, 0, 0, 0, 0, 0, 1, 4, 12
"c:\xampp\htdocs\sportify\app\Http\Controllers\Entidad\Auth\LoginController.php", "PHP", 0, 0, 0, 56, 0, 0, 0, 0, 0, 0, 37, 26, 119
"c:\xampp\htdocs\sportify\app\Http\Controllers\Entidad\Auth\RegisterController.php", "PHP", 0, 0, 0, 68, 0, 0, 0, 0, 0, 0, 7, 22, 97
"c:\xampp\htdocs\sportify\app\Http\Controllers\Entidad\Auth\ResetPasswordController.php", "PHP", 0, 0, 0, 7, 0, 0, 0, 0, 0, 0, 1, 4, 12
"c:\xampp\htdocs\sportify\app\Http\Controllers\Entidad\EnfrentamientoController.php", "PHP", 0, 0, 0, 312, 0, 0, 0, 0, 0, 0, 23, 69, 404
"c:\xampp\htdocs\sportify\app\Http\Controllers\Entidad\EquipamientoController.php", "PHP", 0, 0, 0, 103, 0, 0, 0, 0, 0, 0, 3, 39, 145
"c:\xampp\htdocs\sportify\app\Http\Controllers\Entidad\EventsController.php", "PHP", 0, 0, 0, 290, 0, 0, 0, 0, 0, 0, 33, 76, 399
"c:\xampp\htdocs\sportify\app\Http\Controllers\Entidad\ForoController.php", "PHP", 0, 0, 0, 60, 0, 0, 0, 0, 0, 0, 1, 24, 85
"c:\xampp\htdocs\sportify\app\Http\Controllers\Entidad\GrupoConversacionController.php", "PHP", 0, 0, 0, 47, 0, 0, 0, 0, 0, 0, 1, 19, 67
"c:\xampp\htdocs\sportify\app\Http\Controllers\Entidad\HomeController.php", "PHP", 0, 0, 0, 127, 0, 0, 0, 0, 0, 0, 16, 42, 185
"c:\xampp\htdocs\sportify\app\Http\Controllers\Entidad\PistaController.php", "PHP", 0, 0, 0, 103, 0, 0, 0, 0, 0, 0, 3, 41, 147
"c:\xampp\htdocs\sportify\app\Http\Controllers\HomeController.php", "PHP", 0, 0, 0, 15, 0, 0, 0, 0, 0, 0, 10, 5, 30
"c:\xampp\htdocs\sportify\app\Http\Controllers\Individual\AmigosController.php", "PHP", 0, 0, 0, 79, 0, 0, 0, 0, 0, 0, 6, 33, 118
"c:\xampp\htdocs\sportify\app\Http\Controllers\Individual\Auth\ForgotPasswordController.php", "PHP", 0, 0, 0, 27, 0, 0, 0, 0, 0, 0, 22, 7, 56
"c:\xampp\htdocs\sportify\app\Http\Controllers\Individual\Auth\LoginController.php", "PHP", 0, 0, 0, 56, 0, 0, 0, 0, 0, 0, 37, 18, 111
"c:\xampp\htdocs\sportify\app\Http\Controllers\Individual\Auth\RegisterController.php", "PHP", 0, 0, 0, 79, 0, 0, 0, 0, 0, 0, 8, 25, 112
"c:\xampp\htdocs\sportify\app\Http\Controllers\Individual\Auth\ResetPasswordController.php", "PHP", 0, 0, 0, 29, 0, 0, 0, 0, 0, 0, 32, 8, 69
"c:\xampp\htdocs\sportify\app\Http\Controllers\Individual\EnfrentamientoController.php", "PHP", 0, 0, 0, 312, 0, 0, 0, 0, 0, 0, 23, 68, 403
"c:\xampp\htdocs\sportify\app\Http\Controllers\Individual\EquipamientoController.php", "PHP", 0, 0, 0, 48, 0, 0, 0, 0, 0, 0, 1, 17, 66
"c:\xampp\htdocs\sportify\app\Http\Controllers\Individual\EquipoController.php", "PHP", 0, 0, 0, 170, 0, 0, 0, 0, 0, 0, 17, 67, 254
"c:\xampp\htdocs\sportify\app\Http\Controllers\Individual\EventsController.php", "PHP", 0, 0, 0, 545, 0, 0, 0, 0, 0, 0, 58, 163, 766
"c:\xampp\htdocs\sportify\app\Http\Controllers\Individual\ForoController.php", "PHP", 0, 0, 0, 60, 0, 0, 0, 0, 0, 0, 1, 26, 87
"c:\xampp\htdocs\sportify\app\Http\Controllers\Individual\GrupoConversacionController.php", "PHP", 0, 0, 0, 47, 0, 0, 0, 0, 0, 0, 1, 23, 71
"c:\xampp\htdocs\sportify\app\Http\Controllers\Individual\HomeController.php", "PHP", 0, 0, 0, 147, 0, 0, 0, 0, 0, 0, 20, 48, 215
"c:\xampp\htdocs\sportify\app\Http\Controllers\Individual\PistaController.php", "PHP", 0, 0, 0, 48, 0, 0, 0, 0, 0, 0, 1, 18, 67
"c:\xampp\htdocs\sportify\app\Http\Kernel.php", "PHP", 0, 0, 0, 40, 0, 0, 0, 0, 0, 0, 20, 7, 67
"c:\xampp\htdocs\sportify\app\Http\Middleware\Authenticate.php", "PHP", 0, 0, 0, 16, 0, 0, 0, 0, 0, 0, 6, 9, 31
"c:\xampp\htdocs\sportify\app\Http\Middleware\CheckForMaintenanceMode.php", "PHP", 0, 0, 0, 8, 0, 0, 0, 0, 0, 0, 6, 4, 18
"c:\xampp\htdocs\sportify\app\Http\Middleware\EncryptCookies.php", "PHP", 0, 0, 0, 8, 0, 0, 0, 0, 0, 0, 6, 4, 18
"c:\xampp\htdocs\sportify\app\Http\Middleware\RedirectIfAuthenticated.php", "PHP", 0, 0, 0, 25, 0, 0, 0, 0, 0, 0, 12, 7, 44
"c:\xampp\htdocs\sportify\app\Http\Middleware\TrimStrings.php", "PHP", 0, 0, 0, 10, 0, 0, 0, 0, 0, 0, 5, 4, 19
"c:\xampp\htdocs\sportify\app\Http\Middleware\TrustProxies.php", "PHP", 0, 0, 0, 9, 0, 0, 0, 0, 0, 0, 10, 5, 24
"c:\xampp\htdocs\sportify\app\Http\Middleware\VerifyCsrfToken.php", "PHP", 0, 0, 0, 8, 0, 0, 0, 0, 0, 0, 6, 4, 18
"c:\xampp\htdocs\sportify\app\Individual.php", "PHP", 0, 0, 0, 21, 0, 0, 0, 0, 0, 0, 10, 7, 38
"c:\xampp\htdocs\sportify\app\MensajeForo.php", "PHP", 0, 0, 0, 12, 0, 0, 0, 0, 0, 0, 5, 7, 24
"c:\xampp\htdocs\sportify\app\MensajeGrupo.php", "PHP", 0, 0, 0, 12, 0, 0, 0, 0, 0, 0, 6, 6, 24
"c:\xampp\htdocs\sportify\app\Pista.php", "PHP", 0, 0, 0, 11, 0, 0, 0, 0, 0, 0, 6, 7, 24
"c:\xampp\htdocs\sportify\app\Providers\AppServiceProvider.php", "PHP", 0, 0, 0, 12, 0, 0, 0, 0, 0, 0, 12, 5, 29
"c:\xampp\htdocs\sportify\app\Providers\AuthServiceProvider.php", "PHP", 0, 0, 0, 17, 0, 0, 0, 0, 0, 0, 11, 8, 36
"c:\xampp\htdocs\sportify\app\Providers\BroadcastServiceProvider.php", "PHP", 0, 0, 0, 12, 0, 0, 0, 0, 0, 0, 5, 5, 22
"c:\xampp\htdocs\sportify\app\Providers\EventServiceProvider.php", "PHP", 0, 0, 0, 18, 0, 0, 0, 0, 0, 0, 11, 6, 35
"c:\xampp\htdocs\sportify\app\Providers\RouteServiceProvider.php", "PHP", 0, 0, 0, 31, 0, 0, 0, 0, 0, 0, 38, 12, 81
"c:\xampp\htdocs\sportify\app\Tematica.php", "PHP", 0, 0, 0, 12, 0, 0, 0, 0, 0, 0, 6, 6, 24
"c:\xampp\htdocs\sportify\app\Traits\UploadTrait.php", "PHP", 0, 0, 0, 14, 0, 0, 0, 0, 0, 0, 0, 5, 19
"c:\xampp\htdocs\sportify\app\User.php", "PHP", 0, 0, 0, 18, 0, 0, 0, 0, 0, 0, 15, 7, 40
"c:\xampp\htdocs\sportify\app\Usuario.php", "PHP", 0, 0, 0, 14, 0, 0, 0, 0, 0, 0, 10, 10, 34
"c:\xampp\htdocs\sportify\bootstrap\app.php", "PHP", 0, 0, 0, 17, 0, 0, 0, 0, 0, 0, 30, 9, 56
"c:\xampp\htdocs\sportify\composer.json", "JSON", 67, 0, 0, 0, 0, 0, 0, 0, 0, 0, 0, 1, 68
"c:\xampp\htdocs\sportify\composer.lock", "JSON", 6644, 0, 0, 0, 0, 0, 0, 0, 0, 0, 0, 1, 6645
"c:\xampp\htdocs\sportify\config\app.php", "PHP", 0, 0, 0, 80, 0, 0, 0, 0, 0, 0, 120, 33, 233
"c:\xampp\htdocs\sportify\config\auth.php", "PHP", 0, 0, 0, 72, 0, 0, 0, 0, 0, 0, 70, 23, 165
"c:\xampp\htdocs\sportify\config\broadcasting.php", "PHP", 0, 0, 0, 26, 0, 0, 0, 0, 0, 0, 22, 12, 60
"c:\xampp\htdocs\sportify\config\cache.php", "PHP", 0, 0, 0, 53, 0, 0, 0, 0, 0, 0, 34, 18, 105
"c:\xampp\htdocs\sportify\config\cors.php", "PHP", 0, 0, 0, 3, 0, 0, 0, 0, 0, 0, 29, 3, 35
"c:\xampp\htdocs\sportify\config\database.php", "PHP", 0, 0, 0, 81, 0, 0, 0, 0, 0, 0, 45, 22, 148
"c:\xampp\htdocs\sportify\config\filesystems.php", "PHP", 0, 0, 0, 28, 0, 0, 0, 0, 0, 0, 42, 15, 85
"c:\xampp\htdocs\sportify\config\hashing.php", "PHP", 0, 0, 0, 12, 0, 0, 0, 0, 0, 0, 32, 9, 53
"c:\xampp\htdocs\sportify\config\logging.php", "PHP", 0, 0, 0, 64, 0, 0, 0, 0, 0, 0, 24, 17, 105
"c:\xampp\htdocs\sportify\config\mail.php", "PHP", 0, 0, 0, 45, 0, 0, 0, 0, 0, 0, 47, 18, 110
"c:\xampp\htdocs\sportify\config\queue.php", "PHP", 0, 0, 0, 43, 0, 0, 0, 0, 0, 0, 32, 15, 90
"c:\xampp\htdocs\sportify\config\services.php", "PHP", 0, 0, 0, 16, 0, 0, 0, 0, 0, 0, 11, 7, 34
"c:\xampp\htdocs\sportify\config\session.php", "PHP", 0, 0, 0, 22, 0, 0, 0, 0, 0, 0, 145, 33, 200
"c:\xampp\htdocs\sportify\config\view.php", "PHP", 0, 0, 0, 10, 0, 0, 0, 0, 0, 0, 20, 7, 37
"c:\xampp\htdocs\sportify\database\factories\UserFactory.php", "PHP", 0, 0, 0, 13, 0, 0, 0, 0, 0, 0, 11, 5, 29
"c:\xampp\htdocs\sportify\database\migrations\2014_10_12_000000_create_users_table.php", "PHP", 0, 0, 0, 23, 0, 0, 0, 0, 0, 0, 10, 4, 37
"c:\xampp\htdocs\sportify\database\migrations\2014_10_12_100000_create_password_resets_table.php", "PHP", 0, 0, 0, 19, 0, 0, 0, 0, 0, 0, 10, 4, 33
"c:\xampp\htdocs\sportify\database\migrations\2019_08_19_000000_create_failed_jobs_table.php", "PHP", 0, 0, 0, 22, 0, 0, 0, 0, 0, 0, 10, 4, 36
"c:\xampp\htdocs\sportify\database\seeds\DatabaseSeeder.php", "PHP", 0, 0, 0, 8, 0, 0, 0, 0, 0, 0, 6, 3, 17
"c:\xampp\htdocs\sportify\package-lock.json", "JSON", 10129, 0, 0, 0, 0, 0, 0, 0, 0, 0, 0, 1, 10130
"c:\xampp\htdocs\sportify\package.json", "JSON", 30, 0, 0, 0, 0, 0, 0, 0, 0, 0, 0, 1, 31
"c:\xampp\htdocs\sportify\phpunit.xml", "XML", 0, 0, 0, 0, 0, 29, 0, 0, 0, 0, 0, 1, 30
"c:\xampp\htdocs\sportify\public\css\bootstrap-grid.css", "CSS", 0, 0, 0, 0, 0, 0, 3681, 0, 0, 0, 7, 211, 3899
"c:\xampp\htdocs\sportify\public\css\bootstrap-grid.min.css", "CSS", 0, 0, 0, 0, 0, 0, 1, 0, 0, 0, 6, 0, 7
"c:\xampp\htdocs\sportify\public\css\bootstrap-reboot.css", "CSS", 0, 0, 0, 0, 0, 0, 264, 0, 0, 0, 8, 55, 327
"c:\xampp\htdocs\sportify\public\css\bootstrap-reboot.min.css", "CSS", 0, 0, 0, 0, 0, 0, 1, 0, 0, 0, 7, 0, 8
"c:\xampp\htdocs\sportify\public\css\bootstrap.css", "CSS", 0, 0, 0, 0, 0, 0, 9016, 0, 0, 0, 7, 1201, 10224
"c:\xampp\htdocs\sportify\public\css\bootstrap.min.css", "CSS", 0, 0, 0, 0, 0, 0, 1, 0, 0, 0, 6, 0, 7
"c:\xampp\htdocs\sportify\public\css\eventos.css", "CSS", 0, 0, 0, 0, 0, 0, 12, 0, 0, 0, 0, 3, 15
"c:\xampp\htdocs\sportify\public\css\footer.css", "CSS", 0, 0, 0, 0, 0, 0, 34, 0, 0, 0, 2, 5, 41
"c:\xampp\htdocs\sportify\public\css\inicio.css", "CSS", 0, 0, 0, 0, 0, 0, 48, 0, 0, 0, 0, 10, 58
"c:\xampp\htdocs\sportify\public\css\inicio_usuario.css", "CSS", 0, 0, 0, 0, 0, 0, 16, 0, 0, 0, 0, 3, 19
"c:\xampp\htdocs\sportify\public\css\login.css", "CSS", 0, 0, 0, 0, 0, 0, 83, 0, 0, 0, 6, 19, 108
"c:\xampp\htdocs\sportify\public\css\profile.css", "CSS", 0, 0, 0, 0, 0, 0, 8, 0, 0, 0, 0, 1, 9
"c:\xampp\htdocs\sportify\public\css\sidebar.css", "CSS", 0, 0, 0, 0, 0, 0, 114, 0, 0, 0, 0, 18, 132
"c:\xampp\htdocs\sportify\public\index.php", "PHP", 0, 0, 0, 10, 0, 0, 0, 0, 0, 0, 39, 12, 61
"c:\xampp\htdocs\sportify\public\js\apuntar_equipo.js", "JavaScript", 0, 0, 0, 0, 21, 0, 0, 0, 0, 0, 4, 10, 35
"c:\xampp\htdocs\sportify\public\js\buscador.js", "JavaScript", 0, 0, 0, 0, 21, 0, 0, 0, 0, 0, 0, 2, 23
"c:\xampp\htdocs\sportify\public\js\filtro_home.js", "JavaScript", 0, 0, 0, 0, 17, 0, 0, 0, 0, 0, 1, 3, 21
"c:\xampp\htdocs\sportify\public\js\map.js", "JavaScript", 0, 0, 0, 0, 22, 0, 0, 0, 0, 0, 5, 8, 35
"c:\xampp\htdocs\sportify\public\js\sidebar.js", "JavaScript", 0, 0, 0, 0, 15, 0, 0, 0, 0, 0, 6, 3, 24
"c:\xampp\htdocs\sportify\public\js\tabla_participantes.js", "JavaScript", 0, 0, 0, 0, 90, 0, 0, 0, 0, 0, 0, 26, 116
"c:\xampp\htdocs\sportify\public\scripts\main.js", "JavaScript", 0, 0, 0, 0, 8, 0, 0, 0, 0, 0, 81, 0, 89
"c:\xampp\htdocs\sportify\resources\js\app.js", "JavaScript", 0, 0, 0, 0, 6, 0, 0, 0, 0, 0, 19, 8, 33
"c:\xampp\htdocs\sportify\resources\js\bootstrap.js", "JavaScript", 0, 0, 0, 0, 16, 0, 0, 0, 0, 0, 15, 10, 41
"c:\xampp\htdocs\sportify\resources\lang\en\auth.php", "PHP", 0, 0, 0, 5, 0, 0, 0, 0, 0, 0, 10, 5, 20
"c:\xampp\htdocs\sportify\resources\lang\en\pagination.php", "PHP", 0, 0, 0, 5, 0, 0, 0, 0, 0, 0, 10, 5, 20
"c:\xampp\htdocs\sportify\resources\lang\en\passwords.php", "PHP", 0, 0, 0, 8, 0, 0, 0, 0, 0, 0, 10, 5, 23
"c:\xampp\htdocs\sportify\resources\lang\en\validation.php", "PHP", 0, 0, 0, 113, 0, 0, 0, 0, 0, 0, 30, 9, 152
"c:\xampp\htdocs\sportify\resources\lang\es\auth.php", "PHP", 0, 0, 0, 5, 0, 0, 0, 0, 0, 0, 10, 5, 20
"c:\xampp\htdocs\sportify\resources\lang\es\passwords.php", "PHP", 0, 0, 0, 8, 0, 0, 0, 0, 0, 0, 10, 5, 23
"c:\xampp\htdocs\sportify\resources\lang\es\validation.php", "PHP", 0, 0, 0, 113, 0, 0, 0, 0, 0, 0, 30, 9, 152
"c:\xampp\htdocs\sportify\resources\sass\_variables.scss", "SCSS", 0, 0, 0, 0, 0, 0, 0, 14, 0, 0, 3, 3, 20
"c:\xampp\htdocs\sportify\resources\sass\app.scss", "SCSS", 0, 0, 0, 0, 0, 0, 0, 3, 0, 0, 3, 3, 9
"c:\xampp\htdocs\sportify\resources\views\admin\home.blade.php", "PHP", 0, 0, 0, 40, 0, 0, 0, 0, 0, 0, 0, 12, 52
"c:\xampp\htdocs\sportify\resources\views\admin\info_usuario.blade.php", "PHP", 0, 0, 0, 56, 0, 0, 0, 0, 0, 0, 0, 11, 67
"c:\xampp\htdocs\sportify\resources\views\admin\profile.blade.php", "PHP", 0, 0, 0, 79, 0, 0, 0, 0, 0, 0, 0, 25, 104
"c:\xampp\htdocs\sportify\resources\views\admin\ver_administradores.blade.php", "PHP", 0, 0, 0, 44, 0, 0, 0, 0, 0, 0, 0, 10, 54
"c:\xampp\htdocs\sportify\resources\views\admin\ver_equipos.blade.php", "PHP", 0, 0, 0, 41, 0, 0, 0, 0, 0, 0, 0, 8, 49
"c:\xampp\htdocs\sportify\resources\views\admin\ver_eventos.blade.php", "PHP", 0, 0, 0, 43, 0, 0, 0, 0, 0, 0, 0, 8, 51
"c:\xampp\htdocs\sportify\resources\views\admin\ver_tematicas.blade.php", "PHP", 0, 0, 0, 43, 0, 0, 0, 0, 0, 0, 0, 8, 51
"c:\xampp\htdocs\sportify\resources\views\admin\ver_usuarios.blade.php", "PHP", 0, 0, 0, 47, 0, 0, 0, 0, 0, 0, 0, 9, 56
"c:\xampp\htdocs\sportify\resources\views\auth\login.blade.php", "PHP", 0, 0, 0, 62, 0, 0, 0, 0, 0, 0, 0, 17, 79
"c:\xampp\htdocs\sportify\resources\views\auth\passwords\confirm.blade.php", "PHP", 0, 0, 0, 46, 0, 0, 0, 0, 0, 0, 0, 9, 55
"c:\xampp\htdocs\sportify\resources\views\auth\passwords\email.blade.php", "PHP", 0, 0, 0, 45, 0, 0, 0, 0, 0, 0, 0, 8, 53
"c:\xampp\htdocs\sportify\resources\views\auth\passwords\reset.blade.php", "PHP", 0, 0, 0, 58, 0, 0, 0, 0, 0, 0, 0, 14, 72
"c:\xampp\htdocs\sportify\resources\views\auth\register.blade.php", "PHP", 0, 0, 0, 243, 0, 0, 0, 0, 0, 0, 0, 84, 327
"c:\xampp\htdocs\sportify\resources\views\auth\verify.blade.php", "PHP", 0, 0, 0, 30, 0, 0, 0, 0, 0, 0, 0, 5, 35
"c:\xampp\htdocs\sportify\resources\views\crear_enfrentamiento.blade.php", "PHP", 0, 0, 0, 75, 0, 0, 0, 0, 0, 0, 0, 20, 95
"c:\xampp\htdocs\sportify\resources\views\editar_evento.blade.php", "PHP", 0, 0, 0, 106, 0, 0, 0, 0, 0, 0, 0, 37, 143
"c:\xampp\htdocs\sportify\resources\views\entidad\calendario.blade.php", "PHP", 0, 0, 0, 42, 0, 0, 0, 0, 0, 0, 2, 13, 57
"c:\xampp\htdocs\sportify\resources\views\entidad\crear_equipamiento.blade.php", "PHP", 0, 0, 0, 88, 0, 0, 0, 0, 0, 0, 0, 32, 120
"c:\xampp\htdocs\sportify\resources\views\entidad\crear_evento.blade.php", "PHP", 0, 0, 0, 126, 0, 0, 0, 0, 0, 0, 0, 45, 171
"c:\xampp\htdocs\sportify\resources\views\entidad\crear_pista.blade.php", "PHP", 0, 0, 0, 88, 0, 0, 0, 0, 0, 0, 0, 31, 119
"c:\xampp\htdocs\sportify\resources\views\entidad\equipamientos.blade.php", "PHP", 0, 0, 0, 26, 0, 0, 0, 0, 0, 0, 0, 11, 37
"c:\xampp\htdocs\sportify\resources\views\entidad\foros.blade.php", "PHP", 0, 0, 0, 22, 0, 0, 0, 0, 0, 0, 0, 8, 30
"c:\xampp\htdocs\sportify\resources\views\entidad\home.blade.php", "PHP", 0, 0, 0, 34, 0, 0, 0, 0, 0, 0, 0, 11, 45
"c:\xampp\htdocs\sportify\resources\views\entidad\mis_eventos.blade.php", "PHP", 0, 0, 0, 27, 0, 0, 0, 0, 0, 0, 0, 10, 37
"c:\xampp\htdocs\sportify\resources\views\entidad\pistas.blade.php", "PHP", 0, 0, 0, 26, 0, 0, 0, 0, 0, 0, 0, 11, 37
"c:\xampp\htdocs\sportify\resources\views\entidad\profile.blade.php", "PHP", 0, 0, 0, 121, 0, 0, 0, 0, 0, 0, 0, 41, 162
"c:\xampp\htdocs\sportify\resources\views\evento_concreto.blade.php", "PHP", 0, 0, 0, 50, 0, 0, 0, 0, 0, 0, 0, 10, 60
"c:\xampp\htdocs\sportify\resources\views\eventos.blade.php", "PHP", 0, 0, 0, 28, 0, 0, 0, 0, 0, 0, 0, 9, 37
"c:\xampp\htdocs\sportify\resources\views\foro.blade.php", "PHP", 0, 0, 0, 46, 0, 0, 0, 0, 0, 0, 0, 9, 55
"c:\xampp\htdocs\sportify\resources\views\grupo_conversacion.blade.php", "PHP", 0, 0, 0, 46, 0, 0, 0, 0, 0, 0, 0, 9, 55
"c:\xampp\htdocs\sportify\resources\views\home.blade.php", "PHP", 0, 0, 0, 20, 0, 0, 0, 0, 0, 0, 0, 4, 24
"c:\xampp\htdocs\sportify\resources\views\inc\apuntarse_modal.blade.php", "PHP", 0, 0, 0, 49, 0, 0, 0, 0, 0, 0, 0, 13, 62
"c:\xampp\htdocs\sportify\resources\views\inc\confirmar_dejar_equipo.blade.php", "PHP", 0, 0, 0, 26, 0, 0, 0, 0, 0, 0, 0, 11, 37
"c:\xampp\htdocs\sportify\resources\views\inc\confirmar_desapuntar_modal.blade.php", "PHP", 0, 0, 0, 30, 0, 0, 0, 0, 0, 0, 0, 12, 42
"c:\xampp\htdocs\sportify\resources\views\inc\crear_tematica.blade.php", "PHP", 0, 0, 0, 33, 0, 0, 0, 0, 0, 0, 0, 15, 48
"c:\xampp\htdocs\sportify\resources\views\inc\eliminar_admin.blade.php", "PHP", 0, 0, 0, 26, 0, 0, 0, 0, 0, 0, 0, 11, 37
"c:\xampp\htdocs\sportify\resources\views\inc\eliminar_equipo.blade.php", "PHP", 0, 0, 0, 26, 0, 0, 0, 0, 0, 0, 0, 11, 37
"c:\xampp\htdocs\sportify\resources\views\inc\eliminar_evento.blade.php", "PHP", 0, 0, 0, 26, 0, 0, 0, 0, 0, 0, 0, 11, 37
"c:\xampp\htdocs\sportify\resources\views\inc\eliminar_tematica.blade.php", "PHP", 0, 0, 0, 26, 0, 0, 0, 0, 0, 0, 0, 11, 37
"c:\xampp\htdocs\sportify\resources\views\inc\eliminar_usuario.blade.php", "PHP", 0, 0, 0, 26, 0, 0, 0, 0, 0, 0, 0, 11, 37
"c:\xampp\htdocs\sportify\resources\views\inc\invitar_amigo_modal.blade.php", "PHP", 0, 0, 0, 37, 0, 0, 0, 0, 0, 0, 0, 13, 50
"c:\xampp\htdocs\sportify\resources\views\inc\invitar_equipo_modal.blade.php", "PHP", 0, 0, 0, 37, 0, 0, 0, 0, 0, 0, 0, 13, 50
"c:\xampp\htdocs\sportify\resources\views\inc\navbar.blade.php", "PHP", 0, 0, 0, 72, 0, 0, 0, 0, 0, 0, 0, 34, 106
"c:\xampp\htdocs\sportify\resources\views\inc\puntuar_modal.blade.php", "PHP", 0, 0, 0, 37, 0, 0, 0, 0, 0, 0, 0, 13, 50
"c:\xampp\htdocs\sportify\resources\views\inc\sidebar.blade.php", "PHP", 0, 0, 0, 79, 0, 0, 0, 0, 0, 0, 0, 9, 88
"c:\xampp\htdocs\sportify\resources\views\inc\ver_invitaciones_modal.blade.php", "PHP", 0, 0, 0, 32, 0, 0, 0, 0, 0, 0, 0, 14, 46
"c:\xampp\htdocs\sportify\resources\views\inc\ver_solicitudes_modal.blade.php", "PHP", 0, 0, 0, 32, 0, 0, 0, 0, 0, 0, 0, 14, 46
"c:\xampp\htdocs\sportify\resources\views\individual\amigos.blade.php", "PHP", 0, 0, 0, 44, 0, 0, 0, 0, 0, 0, 0, 17, 61
"c:\xampp\htdocs\sportify\resources\views\individual\calendario.blade.php", "PHP", 0, 0, 0, 42, 0, 0, 0, 0, 0, 0, 2, 13, 57
"c:\xampp\htdocs\sportify\resources\views\individual\crear_equipo.blade.php", "PHP", 0, 0, 0, 54, 0, 0, 0, 0, 0, 0, 0, 17, 71
"c:\xampp\htdocs\sportify\resources\views\individual\crear_evento.blade.php", "PHP", 0, 0, 0, 126, 0, 0, 0, 0, 0, 0, 0, 45, 171
"c:\xampp\htdocs\sportify\resources\views\individual\foros.blade.php", "PHP", 0, 0, 0, 22, 0, 0, 0, 0, 0, 0, 0, 8, 30
"c:\xampp\htdocs\sportify\resources\views\individual\home.blade.php", "PHP", 0, 0, 0, 52, 0, 0, 0, 0, 0, 0, 0, 17, 69
"c:\xampp\htdocs\sportify\resources\views\individual\mis_equipos.blade.php", "PHP", 0, 0, 0, 39, 0, 0, 0, 0, 0, 0, 0, 16, 55
"c:\xampp\htdocs\sportify\resources\views\individual\mis_eventos.blade.php", "PHP", 0, 0, 0, 27, 0, 0, 0, 0, 0, 0, 0, 10, 37
"c:\xampp\htdocs\sportify\resources\views\individual\profile.blade.php", "PHP", 0, 0, 0, 133, 0, 0, 0, 0, 0, 0, 0, 41, 174
"c:\xampp\htdocs\sportify\resources\views\info_equipamiento.blade.php", "PHP", 0, 0, 0, 62, 0, 0, 0, 0, 0, 0, 0, 21, 83
"c:\xampp\htdocs\sportify\resources\views\info_equipo.blade.php", "PHP", 0, 0, 0, 54, 0, 0, 0, 0, 0, 0, 0, 14, 68
"c:\xampp\htdocs\sportify\resources\views\info_evento.blade.php", "PHP", 0, 0, 0, 426, 0, 0, 0, 0, 0, 0, 0, 92, 518
"c:\xampp\htdocs\sportify\resources\views\info_pista.blade.php", "PHP", 0, 0, 0, 64, 0, 0, 0, 0, 0, 0, 0, 21, 85
"c:\xampp\htdocs\sportify\resources\views\layouts\app.blade.php", "PHP", 0, 0, 0, 110, 0, 0, 0, 0, 0, 0, 0, 51, 161
"c:\xampp\htdocs\sportify\resources\views\modificar_enfrentamiento.blade.php", "PHP", 0, 0, 0, 129, 0, 0, 0, 0, 0, 0, 0, 37, 166
"c:\xampp\htdocs\sportify\resources\views\pre-login.blade.php", "PHP", 0, 0, 0, 40, 0, 0, 0, 0, 0, 0, 0, 11, 51
"c:\xampp\htdocs\sportify\resources\views\pre-register.blade.php", "PHP", 0, 0, 0, 37, 0, 0, 0, 0, 0, 0, 0, 11, 48
"c:\xampp\htdocs\sportify\resources\views\seleccion_entidad_reserva.blade.php", "PHP", 0, 0, 0, 28, 0, 0, 0, 0, 0, 0, 0, 12, 40
"c:\xampp\htdocs\sportify\resources\views\seleccion_equipamiento_reserva.blade.php", "PHP", 0, 0, 0, 22, 0, 0, 0, 0, 0, 0, 0, 12, 34
"c:\xampp\htdocs\sportify\resources\views\seleccion_pista_reserva.blade.php", "PHP", 0, 0, 0, 22, 0, 0, 0, 0, 0, 0, 0, 12, 34
"c:\xampp\htdocs\sportify\resources\views\welcome.blade.php", "PHP", 0, 0, 0, 107, 0, 0, 0, 0, 0, 0, 0, 28, 135
"c:\xampp\htdocs\sportify\routes\api.php", "PHP", 0, 0, 0, 19, 0, 0, 0, 0, 0, 0, 10, 7, 36
"c:\xampp\htdocs\sportify\routes\channels.php", "PHP", 0, 0, 0, 5, 0, 0, 0, 0, 0, 0, 10, 4, 19
"c:\xampp\htdocs\sportify\routes\console.php", "PHP", 0, 0, 0, 6, 0, 0, 0, 0, 0, 0, 10, 4, 20
"c:\xampp\htdocs\sportify\routes\web.php", "PHP", 0, 0, 0, 148, 0, 0, 0, 0, 0, 0, 122, 111, 381
"c:\xampp\htdocs\sportify\server.php", "PHP", 0, 0, 0, 8, 0, 0, 0, 0, 0, 0, 9, 5, 22
"c:\xampp\htdocs\sportify\tests\CreatesApplication.php", "PHP", 0, 0, 0, 12, 0, 0, 0, 0, 0, 0, 5, 6, 23
"c:\xampp\htdocs\sportify\tests\Feature\ExampleTest.php", "PHP", 0, 0, 0, 12, 0, 0, 0, 0, 0, 0, 5, 5, 22
"c:\xampp\htdocs\sportify\tests\TestCase.php", "PHP", 0, 0, 0, 7, 0, 0, 0, 0, 0, 0, 0, 4, 11
"c:\xampp\htdocs\sportify\tests\Unit\ExampleTest.php", "PHP", 0, 0, 0, 10, 0, 0, 0, 0, 0, 0, 5, 4, 19
"c:\xampp\htdocs\sportify\vendor\facade\ignition\resources\compiled\ignition.js", "JavaScript", 0, 0, 0, 0, 5, 0, 0, 0, 0, 0, 27, 0, 32
"c:\xampp\htdocs\sportify\vendor\facade\ignition\resources\compiled\index.html", "HTML", 0, 0, 0, 0, 0, 0, 0, 0, 0, 12, 0, 1, 13
"c:\xampp\htdocs\sportify\vendor\sebastian\diff\tests\fixtures\out\.editorconfig", "Properties", 0, 1, 0, 0, 0, 0, 0, 0, 0, 0, 0, 1, 2
"c:\xampp\htdocs\sportify\webpack.mix.js", "JavaScript", 0, 0, 0, 0, 3, 0, 0, 0, 0, 0, 10, 3, 16
"Total", "-", 16870, 18, 13, 9501, 224, 29, 13279, 17, 60, 12, 2165, 4836, 47024